<!DOCTYPE xwork PUBLIC "-//OpenSymphony Group//XWork 1.0//EN" "http://www.opensymphony.com/xwork/xwork-1.0.dtd">

<xwork>
	
	<include file="webwork-default.xml"/>
	
	<package name="default" extends="webwork-default">
		
		<result-types>
			<result-type name="excel" class="net.sf.excelutils.webwork.ExcelResult"/>
		</result-types>
		
		<action name="excelResult" class="net.sf.excelutils.demo.action.ExcelResultAction">
			<result name="success" type="excel">
				<param name="location">/WEB-INF/xls/demo2.xls</param>
			</result>
		</action>

	</package>
</xwork>
